Genre Name,Count,Link
10th-century,6868,https://www.goodreads.com/genres/10th-century
11th-century,8408,https://www.goodreads.com/genres/11th-century
12th-century,12680,https://www.goodreads.com/genres/12th-century
13th-century,11123,https://www.goodreads.com/genres/13th-century
14th-century,18196,https://www.goodreads.com/genres/14th-century
15th-century,21308,https://www.goodreads.com/genres/15th-century
16th-century,59659,https://www.goodreads.com/genres/16th-century
17th-century,74061,https://www.goodreads.com/genres/17th-century
1864-shenandoah-campaign,37,https://www.goodreads.com/genres/1864-shenandoah-campaign
18th-century,129803,https://www.goodreads.com/genres/18th-century
1917,2067,https://www.goodreads.com/genres/1917
19th-century,499349,https://www.goodreads.com/genres/19th-century
1st-grade,80428,https://www.goodreads.com/genres/1st-grade
20th-century,981296,https://www.goodreads.com/genres/20th-century
21st-century,651441,https://www.goodreads.com/genres/21st-century
2nd-grade,82367,https://www.goodreads.com/genres/2nd-grade
40k,22963,https://www.goodreads.com/genres/40k
ableism,2587,https://www.goodreads.com/genres/ableism
abuse,448272,https://www.goodreads.com/genres/abuse
academia,195639,https://www.goodreads.com/genres/academia
academic,444844,https://www.goodreads.com/genres/academic
academics,76878,https://www.goodreads.com/genres/academics
accounting,7278,https://www.goodreads.com/genres/accounting
accra,601,https://www.goodreads.com/genres/accra
action,944220,https://www.goodreads.com/genres/action
activism,90995,https://www.goodreads.com/genres/activism
adaptations,109643,https://www.goodreads.com/genres/adaptations
addis-ababa,66,https://www.goodreads.com/genres/addis-ababa
addition,4736,https://www.goodreads.com/genres/addition
adhd,19214,https://www.goodreads.com/genres/adhd
adolescence,150965,https://www.goodreads.com/genres/adolescence
adoption,79686,https://www.goodreads.com/genres/adoption
adult,3481405,https://www.goodreads.com/genres/adult
adult-colouring-books,317,https://www.goodreads.com/genres/adult-colouring-books
adult-fiction,1665300,https://www.goodreads.com/genres/adult-fiction
adventure,2208246,https://www.goodreads.com/genres/adventure
adventurers,7955,https://www.goodreads.com/genres/adventurers
漫画,42467,https://www.goodreads.com/genres/%E6%BC%AB%E7%94%BB
aeroplanes,872,https://www.goodreads.com/genres/aeroplanes
africa,313919,https://www.goodreads.com/genres/africa
african-american,186054,https://www.goodreads.com/genres/african-american
african-american-literature,29401,https://www.goodreads.com/genres/african-american-literature
african-american-romance,13878,https://www.goodreads.com/genres/african-american-romance
african-literature,35781,https://www.goodreads.com/genres/african-literature
agender,292,https://www.goodreads.com/genres/agender
agriculture,25663,https://www.goodreads.com/genres/agriculture
ahistory,42,https://www.goodreads.com/genres/ahistory
aircraft,3590,https://www.goodreads.com/genres/aircraft
airliners,20,https://www.goodreads.com/genres/airliners
airships,2621,https://www.goodreads.com/genres/airships
albanian-literature,2051,https://www.goodreads.com/genres/albanian-literature
alchemy,32859,https://www.goodreads.com/genres/alchemy
alcohol,27651,https://www.goodreads.com/genres/alcohol
alexandria,40610,https://www.goodreads.com/genres/alexandria
algebra,2852,https://www.goodreads.com/genres/algebra
algeria,10439,https://www.goodreads.com/genres/algeria
algiers,1244,https://www.goodreads.com/genres/algiers
algorithms,7418,https://www.goodreads.com/genres/algorithms
aliens,275263,https://www.goodreads.com/genres/aliens
alternate-history,196888,https://www.goodreads.com/genres/alternate-history
alternate-universe,98339,https://www.goodreads.com/genres/alternate-universe
alternative-medicine,8078,https://www.goodreads.com/genres/alternative-medicine
amateur-sleuth,32766,https://www.goodreads.com/genres/amateur-sleuth
amazon,1063020,https://www.goodreads.com/genres/amazon
ambulances,466,https://www.goodreads.com/genres/ambulances
ambulance-service,18,https://www.goodreads.com/genres/ambulance-service
american,918775,https://www.goodreads.com/genres/american
americana,243681,https://www.goodreads.com/genres/americana
american-civil-war,39625,https://www.goodreads.com/genres/american-civil-war
american-classics,110802,https://www.goodreads.com/genres/american-classics
american-fiction,190962,https://www.goodreads.com/genres/american-fiction
american-history,388638,https://www.goodreads.com/genres/american-history
american-novels,51753,https://www.goodreads.com/genres/american-novels
american-revolution,33752,https://www.goodreads.com/genres/american-revolution
american-revolutionary-war,3328,https://www.goodreads.com/genres/american-revolutionary-war
amish,70011,https://www.goodreads.com/genres/amish
amish-fiction,18507,https://www.goodreads.com/genres/amish-fiction
amish-historical-romance-fiction,959,https://www.goodreads.com/genres/amish-historical-romance-fiction
ancient,119210,https://www.goodreads.com/genres/ancient
ancient-history,142179,https://www.goodreads.com/genres/ancient-history
androgyne,1147,https://www.goodreads.com/genres/androgyne
angels,241369,https://www.goodreads.com/genres/angels
anglo-saxon,24842,https://www.goodreads.com/genres/anglo-saxon
angola,3736,https://www.goodreads.com/genres/angola
animal-fiction,40194,https://www.goodreads.com/genres/animal-fiction
animals,860391,https://www.goodreads.com/genres/animals
anime,74450,https://www.goodreads.com/genres/anime
anthologies,320806,https://www.goodreads.com/genres/anthologies
anthropology,279000,https://www.goodreads.com/genres/anthropology
anthropomorphic,47644,https://www.goodreads.com/genres/anthropomorphic
antietam-campaign,73,https://www.goodreads.com/genres/antietam-campaign
anti-intellectualism,1437,https://www.goodreads.com/genres/anti-intellectualism
antiquities,9527,https://www.goodreads.com/genres/antiquities
anti-racist,17238,https://www.goodreads.com/genres/anti-racist
anti-science,603,https://www.goodreads.com/genres/anti-science
antisemitism,11043,https://www.goodreads.com/genres/antisemitism
apocalyptic,170861,https://www.goodreads.com/genres/apocalyptic
apple,30339,https://www.goodreads.com/genres/apple
applied-mathematics,568,https://www.goodreads.com/genres/applied-mathematics
appomattox-campaign,60,https://www.goodreads.com/genres/appomattox-campaign
archaeology,68910,https://www.goodreads.com/genres/archaeology
architecture,146725,https://www.goodreads.com/genres/architecture
arithmetic,1090,https://www.goodreads.com/genres/arithmetic
army-of-northern-virginia,182,https://www.goodreads.com/genres/army-of-northern-virginia
army-of-tennessee,167,https://www.goodreads.com/genres/army-of-tennessee
army-of-the-potomac,142,https://www.goodreads.com/genres/army-of-the-potomac
art,1073099,https://www.goodreads.com/genres/art
art-and-photography,19019,https://www.goodreads.com/genres/art-and-photography
art-books-monographs,479,https://www.goodreads.com/genres/art-books-monographs
art-design,39935,https://www.goodreads.com/genres/art-design
art-history,95856,https://www.goodreads.com/genres/art-history
arthurian,44909,https://www.goodreads.com/genres/arthurian
artificial-intelligence,33024,https://www.goodreads.com/genres/artificial-intelligence
asexual,9174,https://www.goodreads.com/genres/asexual
asia,318509,https://www.goodreads.com/genres/asia
asian-literature,84135,https://www.goodreads.com/genres/asian-literature
asmara,440,https://www.goodreads.com/genres/asmara
aspergers,5940,https://www.goodreads.com/genres/aspergers
astrology,40635,https://www.goodreads.com/genres/astrology
astronomy,52136,https://www.goodreads.com/genres/astronomy
atheism,64326,https://www.goodreads.com/genres/atheism
atlanta-campaign,46,https://www.goodreads.com/genres/atlanta-campaign
atlases,814,https://www.goodreads.com/genres/atlases
aussie-rules-football,15,https://www.goodreads.com/genres/aussie-rules-football
australia,148486,https://www.goodreads.com/genres/australia
autistic-spectrum-disorder,33,https://www.goodreads.com/genres/autistic-spectrum-disorder
autobiography,456399,https://www.goodreads.com/genres/autobiography
aviation,43068,https://www.goodreads.com/genres/aviation
aviation-history,1921,https://www.goodreads.com/genres/aviation-history
azeroth,580,https://www.goodreads.com/genres/azeroth
babylon-5,2964,https://www.goodreads.com/genres/babylon-5
back-to-school,38049,https://www.goodreads.com/genres/back-to-school
bad-science,3022,https://www.goodreads.com/genres/bad-science
baha-i,4510,https://www.goodreads.com/genres/baha-i
bande-dessinée,64465,https://www.goodreads.com/genres/bande-dessin%C3%A9e
bangladesh,10245,https://www.goodreads.com/genres/bangladesh
banking,5795,https://www.goodreads.com/genres/banking
banks,5558,https://www.goodreads.com/genres/banks
banned-books,154096,https://www.goodreads.com/genres/banned-books
barter,1994,https://www.goodreads.com/genres/barter
baseball,75582,https://www.goodreads.com/genres/baseball
basketball,13970,https://www.goodreads.com/genres/basketball
batman,90151,https://www.goodreads.com/genres/batman
battle-of-britain,1120,https://www.goodreads.com/genres/battle-of-britain
battle-of-gettysburg,860,https://www.goodreads.com/genres/battle-of-gettysburg
battles-of-the-american-civil-ear,70,https://www.goodreads.com/genres/battles-of-the-american-civil-ear
bdsm,543069,https://www.goodreads.com/genres/bdsm
beading,2947,https://www.goodreads.com/genres/beading
beauty-and-the-beast,42164,https://www.goodreads.com/genres/beauty-and-the-beast
beer,12767,https://www.goodreads.com/genres/beer
belgian,11655,https://www.goodreads.com/genres/belgian
belgium,25471,https://www.goodreads.com/genres/belgium
belief,25752,https://www.goodreads.com/genres/belief
benghazi,528,https://www.goodreads.com/genres/benghazi
benin,1002,https://www.goodreads.com/genres/benin
beverages,1933,https://www.goodreads.com/genres/beverages
biblical,55779,https://www.goodreads.com/genres/biblical
biblical-fiction,25079,https://www.goodreads.com/genres/biblical-fiction
bicycles,3797,https://www.goodreads.com/genres/bicycles
bigfoot,2054,https://www.goodreads.com/genres/bigfoot
biography,2191868,https://www.goodreads.com/genres/biography
biography-memoir,460585,https://www.goodreads.com/genres/biography-memoir
biology,176671,https://www.goodreads.com/genres/biology
birds,76182,https://www.goodreads.com/genres/birds
bird-watching,868,https://www.goodreads.com/genres/bird-watching
bisexual,47742,https://www.goodreads.com/genres/bisexual
bisexual-romance,670,https://www.goodreads.com/genres/bisexual-romance
bizarro-fiction,5457,https://www.goodreads.com/genres/bizarro-fiction
black-literature,21336,https://www.goodreads.com/genres/black-literature
boarding-school,66067,https://www.goodreads.com/genres/boarding-school
bolivia,2698,https://www.goodreads.com/genres/bolivia
bolsheviks,842,https://www.goodreads.com/genres/bolsheviks
bombers,856,https://www.goodreads.com/genres/bombers
bookkeeping,661,https://www.goodreads.com/genres/bookkeeping
books-about-books,278038,https://www.goodreads.com/genres/books-about-books
booze,5497,https://www.goodreads.com/genres/booze
botswana,4832,https://www.goodreads.com/genres/botswana
boys-love,17340,https://www.goodreads.com/genres/boys-love
brain,68237,https://www.goodreads.com/genres/brain
brazil,34824,https://www.goodreads.com/genres/brazil
brazzaville,484,https://www.goodreads.com/genres/brazzaville
brewing,3538,https://www.goodreads.com/genres/brewing
british-literature,403370,https://www.goodreads.com/genres/british-literature
buddhism,137882,https://www.goodreads.com/genres/buddhism
buffy-the-vampire-slayer,8056,https://www.goodreads.com/genres/buffy-the-vampire-slayer
bulgaria,6251,https://www.goodreads.com/genres/bulgaria
bulgarian-literature,4552,https://www.goodreads.com/genres/bulgarian-literature
burkina-faso,822,https://www.goodreads.com/genres/burkina-faso
burundi,1001,https://www.goodreads.com/genres/burundi
buses,759,https://www.goodreads.com/genres/buses
business,1074987,https://www.goodreads.com/genres/business
business-ethics,1328,https://www.goodreads.com/genres/business-ethics
butch-femme,4539,https://www.goodreads.com/genres/butch-femme
cabo-verde,555,https://www.goodreads.com/genres/cabo-verde
cairo,2669,https://www.goodreads.com/genres/cairo
calculation,456,https://www.goodreads.com/genres/calculation
calculus,2785,https://www.goodreads.com/genres/calculus
cameroon,3216,https://www.goodreads.com/genres/cameroon
campus,12414,https://www.goodreads.com/genres/campus
canada,190674,https://www.goodreads.com/genres/canada
canadian-literature,42729,https://www.goodreads.com/genres/canadian-literature
canon,281261,https://www.goodreads.com/genres/canon
canterbury-tales,605,https://www.goodreads.com/genres/canterbury-tales
cape-town,1186,https://www.goodreads.com/genres/cape-town
carolinas-campaign,13,https://www.goodreads.com/genres/carolinas-campaign
carolingian,569,https://www.goodreads.com/genres/carolingian
cars,12836,https://www.goodreads.com/genres/cars
cartography,5395,https://www.goodreads.com/genres/cartography
cartoon,23971,https://www.goodreads.com/genres/cartoon
castile,711,https://www.goodreads.com/genres/castile
category-romance,67710,https://www.goodreads.com/genres/category-romance
catholic,117457,https://www.goodreads.com/genres/catholic
cats,144120,https://www.goodreads.com/genres/cats
central-africa,1699,https://www.goodreads.com/genres/central-africa
central-african-republic,792,https://www.goodreads.com/genres/central-african-republic
chad,25570,https://www.goodreads.com/genres/chad
challenged-books,19963,https://www.goodreads.com/genres/challenged-books
chancellorsville-campaign,29,https://www.goodreads.com/genres/chancellorsville-campaign
chapter-books,308747,https://www.goodreads.com/genres/chapter-books
chemistry,53415,https://www.goodreads.com/genres/chemistry
chess,48444,https://www.goodreads.com/genres/chess
chick-lit,1501700,https://www.goodreads.com/genres/chick-lit
childrens,2069963,https://www.goodreads.com/genres/childrens
childrens-classics,93204,https://www.goodreads.com/genres/childrens-classics
china,221819,https://www.goodreads.com/genres/china
chinese-literature,25642,https://www.goodreads.com/genres/chinese-literature
chivalry,5488,https://www.goodreads.com/genres/chivalry
choose-your-own-adventure,9389,https://www.goodreads.com/genres/choose-your-own-adventure
christian,1329028,https://www.goodreads.com/genres/christian
christian-contemporary-fiction,5015,https://www.goodreads.com/genres/christian-contemporary-fiction
christian-fantasy,18687,https://www.goodreads.com/genres/christian-fantasy
christian-fantasy-dystopian,1161,https://www.goodreads.com/genres/christian-fantasy-dystopian
christian-fiction,495959,https://www.goodreads.com/genres/christian-fiction
christian-fiction-amish,1296,https://www.goodreads.com/genres/christian-fiction-amish
christian-historical-fiction,25877,https://www.goodreads.com/genres/christian-historical-fiction
christianity,424410,https://www.goodreads.com/genres/christianity
christian-living,166592,https://www.goodreads.com/genres/christian-living
christian-non-fiction,96313,https://www.goodreads.com/genres/christian-non-fiction
christian-romance,75156,https://www.goodreads.com/genres/christian-romance
christian-romance-historical,2118,https://www.goodreads.com/genres/christian-romance-historical
christmas,607742,https://www.goodreads.com/genres/christmas
chupacabra,484,https://www.goodreads.com/genres/chupacabra
church,100899,https://www.goodreads.com/genres/church
church-history,55790,https://www.goodreads.com/genres/church-history
church-ministry,7294,https://www.goodreads.com/genres/church-ministry
cinderella,19255,https://www.goodreads.com/genres/cinderella
cisgender,1172,https://www.goodreads.com/genres/cisgender
cities,62745,https://www.goodreads.com/genres/cities
civil-war,126580,https://www.goodreads.com/genres/civil-war
civil-war-confederacy,480,https://www.goodreads.com/genres/civil-war-confederacy
civil-war-eastern-theater,1165,https://www.goodreads.com/genres/civil-war-eastern-theater
civil-war-history,7310,https://www.goodreads.com/genres/civil-war-history
civil-war-navy,1141,https://www.goodreads.com/genres/civil-war-navy
civil-war-western-theater,615,https://www.goodreads.com/genres/civil-war-western-theater
class,249878,https://www.goodreads.com/genres/class
classical-music,6605,https://www.goodreads.com/genres/classical-music
classical-studies,45974,https://www.goodreads.com/genres/classical-studies
classic-literature,463364,https://www.goodreads.com/genres/classic-literature
classics,6266496,https://www.goodreads.com/genres/classics
class-issues,33966,https://www.goodreads.com/genres/class-issues
clean-romance,128152,https://www.goodreads.com/genres/clean-romance
climate-change,28905,https://www.goodreads.com/genres/climate-change
climate-change-denial,499,https://www.goodreads.com/genres/climate-change-denial
climate-change-fiction,1108,https://www.goodreads.com/genres/climate-change-fiction
climbing,10654,https://www.goodreads.com/genres/climbing
cocktails,2788,https://www.goodreads.com/genres/cocktails
coding,20537,https://www.goodreads.com/genres/coding
coin-collecting,149,https://www.goodreads.com/genres/coin-collecting
collections,339014,https://www.goodreads.com/genres/collections
college,716414,https://www.goodreads.com/genres/college
colouring-books,6549,https://www.goodreads.com/genres/colouring-books
comedian,2800,https://www.goodreads.com/genres/comedian
comedy,652362,https://www.goodreads.com/genres/comedy
comic-book,142951,https://www.goodreads.com/genres/comic-book
comic-fantasy,18190,https://www.goodreads.com/genres/comic-fantasy
comics,3684462,https://www.goodreads.com/genres/comics
comic-science-fiction,1224,https://www.goodreads.com/genres/comic-science-fiction
comics-manga,174135,https://www.goodreads.com/genres/comics-manga
comic-strips,22008,https://www.goodreads.com/genres/comic-strips
coming-of-age,651614,https://www.goodreads.com/genres/coming-of-age
comix,105383,https://www.goodreads.com/genres/comix
communication,92444,https://www.goodreads.com/genres/communication
comoros,566,https://www.goodreads.com/genres/comoros
complementary-medicine,1721,https://www.goodreads.com/genres/complementary-medicine
computation,3833,https://www.goodreads.com/genres/computation
computer-reference,1427,https://www.goodreads.com/genres/computer-reference
computers,71184,https://www.goodreads.com/genres/computers
computer-science,107779,https://www.goodreads.com/genres/computer-science
conflict-of-interest,478,https://www.goodreads.com/genres/conflict-of-interest
conservation,18443,https://www.goodreads.com/genres/conservation
conspiracy-theories,17757,https://www.goodreads.com/genres/conspiracy-theories
consumer-economics,445,https://www.goodreads.com/genres/consumer-economics
contemporary,5816281,https://www.goodreads.com/genres/contemporary
contemporary-romance,1916336,https://www.goodreads.com/genres/contemporary-romance
contemporary-romance-clean,164,https://www.goodreads.com/genres/contemporary-romance-clean
cookbooks,688561,https://www.goodreads.com/genres/cookbooks
cooking,337947,https://www.goodreads.com/genres/cooking
coptic-language,453,https://www.goodreads.com/genres/coptic-language
coptology,123,https://www.goodreads.com/genres/coptology
copts,548,https://www.goodreads.com/genres/copts
costume-history,1334,https://www.goodreads.com/genres/costume-history
counselling,18652,https://www.goodreads.com/genres/counselling
counter-culture,13686,https://www.goodreads.com/genres/counter-culture
counting,21994,https://www.goodreads.com/genres/counting
couture,846,https://www.goodreads.com/genres/couture
cozy-mystery,436331,https://www.goodreads.com/genres/cozy-mystery
crafts,90962,https://www.goodreads.com/genres/crafts
creation-science,1149,https://www.goodreads.com/genres/creation-science
crime,1926270,https://www.goodreads.com/genres/crime
criticism,213678,https://www.goodreads.com/genres/criticism
crochet,17431,https://www.goodreads.com/genres/crochet
cross-dressing,12081,https://www.goodreads.com/genres/cross-dressing
cryonics,807,https://www.goodreads.com/genres/cryonics
cryptids,5645,https://www.goodreads.com/genres/cryptids
cryptozoology,7027,https://www.goodreads.com/genres/cryptozoology
cthulhu-mythos,11413,https://www.goodreads.com/genres/cthulhu-mythos
cuisine,12292,https://www.goodreads.com/genres/cuisine
culinary,37465,https://www.goodreads.com/genres/culinary
cult-classics,62483,https://www.goodreads.com/genres/cult-classics
cults,34858,https://www.goodreads.com/genres/cults
cultural,498480,https://www.goodreads.com/genres/cultural
cultural-heritage,3369,https://www.goodreads.com/genres/cultural-heritage
cultural-studies,143920,https://www.goodreads.com/genres/cultural-studies
curation,675,https://www.goodreads.com/genres/curation
currency,1046,https://www.goodreads.com/genres/currency
cw-bentonville,8,https://www.goodreads.com/genres/cw-bentonville
cw-iuka-corinth,5,https://www.goodreads.com/genres/cw-iuka-corinth
cw-stones-river,3,https://www.goodreads.com/genres/cw-stones-river
cw-west-va,45,https://www.goodreads.com/genres/cw-west-va
cyberpunk,86553,https://www.goodreads.com/genres/cyberpunk
cycling,13584,https://www.goodreads.com/genres/cycling
czech-literature,17769,https://www.goodreads.com/genres/czech-literature
dakar,460,https://www.goodreads.com/genres/dakar
danish,93200,https://www.goodreads.com/genres/danish
dark,858265,https://www.goodreads.com/genres/dark
dark-fantasy,220477,https://www.goodreads.com/genres/dark-fantasy
dc-comics,147865,https://www.goodreads.com/genres/dc-comics
death,587738,https://www.goodreads.com/genres/death
deception,60768,https://www.goodreads.com/genres/deception
democratic-republic-of-the-congo,1158,https://www.goodreads.com/genres/democratic-republic-of-the-congo
demons,294267,https://www.goodreads.com/genres/demons
denialism,491,https://www.goodreads.com/genres/denialism
denmark,27229,https://www.goodreads.com/genres/denmark
design,219923,https://www.goodreads.com/genres/design
detective,455005,https://www.goodreads.com/genres/detective
diary,50433,https://www.goodreads.com/genres/diary
dictionaries,14008,https://www.goodreads.com/genres/dictionaries
diets,2499,https://www.goodreads.com/genres/diets
dinosaurs,34307,https://www.goodreads.com/genres/dinosaurs
disability,177973,https://www.goodreads.com/genres/disability
disability-studies,9220,https://www.goodreads.com/genres/disability-studies
disabled-communities,1079,https://www.goodreads.com/genres/disabled-communities
discipleship,34454,https://www.goodreads.com/genres/discipleship
disease,35629,https://www.goodreads.com/genres/disease
distrust,334,https://www.goodreads.com/genres/distrust
divination,13272,https://www.goodreads.com/genres/divination
division,2061,https://www.goodreads.com/genres/division
divorce,42707,https://www.goodreads.com/genres/divorce
djibouti,848,https://www.goodreads.com/genres/djibouti
doctor-who,141100,https://www.goodreads.com/genres/doctor-who
dogs,160185,https://www.goodreads.com/genres/dogs
domestic-science,1227,https://www.goodreads.com/genres/domestic-science
drag,5248,https://www.goodreads.com/genres/drag
dragonlance,37846,https://www.goodreads.com/genres/dragonlance
dragons,321698,https://www.goodreads.com/genres/dragons
drama,1596162,https://www.goodreads.com/genres/drama
drawing,26766,https://www.goodreads.com/genres/drawing
dressmaking,1021,https://www.goodreads.com/genres/dressmaking
drinking,12571,https://www.goodreads.com/genres/drinking
dungeons-and-dragons,31175,https://www.goodreads.com/genres/dungeons-and-dragons
dungeons-and-dragons-manuals,461,https://www.goodreads.com/genres/dungeons-and-dragons-manuals
dutch-literature,38749,https://www.goodreads.com/genres/dutch-literature
dying-earth,4783,https://www.goodreads.com/genres/dying-earth
dyscalculia,506,https://www.goodreads.com/genres/dyscalculia
dystopia,1023556,https://www.goodreads.com/genres/dystopia
earth,35811,https://www.goodreads.com/genres/earth
earth-sciences,2474,https://www.goodreads.com/genres/earth-sciences
eastern-africa,828,https://www.goodreads.com/genres/eastern-africa
eastern-philosophy,25639,https://www.goodreads.com/genres/eastern-philosophy
ecclesiology,13474,https://www.goodreads.com/genres/ecclesiology
ecology,61524,https://www.goodreads.com/genres/ecology
economic-development,5353,https://www.goodreads.com/genres/economic-development
economics,546858,https://www.goodreads.com/genres/economics
education,646993,https://www.goodreads.com/genres/education
edwardian,46576,https://www.goodreads.com/genres/edwardian
egypt,81325,https://www.goodreads.com/genres/egypt
egyptian-literature,3918,https://www.goodreads.com/genres/egyptian-literature
egyptology,12796,https://www.goodreads.com/genres/egyptology
electrical-engineering,3353,https://www.goodreads.com/genres/electrical-engineering
elizabethan-period,1240,https://www.goodreads.com/genres/elizabethan-period
elves,42066,https://www.goodreads.com/genres/elves
emergency-services,3466,https://www.goodreads.com/genres/emergency-services
emotion,34069,https://www.goodreads.com/genres/emotion
empiricism,3158,https://www.goodreads.com/genres/empiricism
engineering,78837,https://www.goodreads.com/genres/engineering
english-civil-war,3266,https://www.goodreads.com/genres/english-civil-war
english-literature,379380,https://www.goodreads.com/genres/english-literature
entrepreneurship,81333,https://www.goodreads.com/genres/entrepreneurship
environment,172844,https://www.goodreads.com/genres/environment
epic,376888,https://www.goodreads.com/genres/epic
epic-fantasy,332562,https://www.goodreads.com/genres/epic-fantasy
epic-poetry,22250,https://www.goodreads.com/genres/epic-poetry
equatorial-guinea,859,https://www.goodreads.com/genres/equatorial-guinea
eritrea,1182,https://www.goodreads.com/genres/eritrea
erotica,1250723,https://www.goodreads.com/genres/erotica
erotic-historical-romance,4271,https://www.goodreads.com/genres/erotic-historical-romance
erotic-horror,5096,https://www.goodreads.com/genres/erotic-horror
erotic-paranormal-romance,8345,https://www.goodreads.com/genres/erotic-paranormal-romance
erotic-romance,372472,https://www.goodreads.com/genres/erotic-romance
esoterica,25326,https://www.goodreads.com/genres/esoterica
esp,34111,https://www.goodreads.com/genres/esp
espionage,193516,https://www.goodreads.com/genres/espionage
essays,604632,https://www.goodreads.com/genres/essays
ethiopia,6484,https://www.goodreads.com/genres/ethiopia
ethnic,33776,https://www.goodreads.com/genres/ethnic
ethnicity,7660,https://www.goodreads.com/genres/ethnicity
ethnic-studies,13612,https://www.goodreads.com/genres/ethnic-studies
ethnography,24020,https://www.goodreads.com/genres/ethnography
eugenics,5508,https://www.goodreads.com/genres/eugenics
eunuch,1385,https://www.goodreads.com/genres/eunuch
european-history,205684,https://www.goodreads.com/genres/european-history
european-literature,308209,https://www.goodreads.com/genres/european-literature
evangelism,14584,https://www.goodreads.com/genres/evangelism
evolution,74661,https://www.goodreads.com/genres/evolution
experimental-archaeology,504,https://www.goodreads.com/genres/experimental-archaeology
fables,62202,https://www.goodreads.com/genres/fables
fae,211412,https://www.goodreads.com/genres/fae
fairies,121770,https://www.goodreads.com/genres/fairies
fairy-tale-retellings,84178,https://www.goodreads.com/genres/fairy-tale-retellings
fairy-tales,414391,https://www.goodreads.com/genres/fairy-tales
faith,330787,https://www.goodreads.com/genres/faith
family,1189994,https://www.goodreads.com/genres/family
family-law,737,https://www.goodreads.com/genres/family-law
fandom,49665,https://www.goodreads.com/genres/fandom
fantasy,15917588,https://www.goodreads.com/genres/fantasy
fantasy-of-manners,9226,https://www.goodreads.com/genres/fantasy-of-manners
fantasy-romance,228157,https://www.goodreads.com/genres/fantasy-romance
far-right,720,https://www.goodreads.com/genres/far-right
fashion,99596,https://www.goodreads.com/genres/fashion
fashion-design,2279,https://www.goodreads.com/genres/fashion-design
fashion-designers,535,https://www.goodreads.com/genres/fashion-designers
fashion-history,3161,https://www.goodreads.com/genres/fashion-history
fat,5150,https://www.goodreads.com/genres/fat
fat-acceptance,1518,https://www.goodreads.com/genres/fat-acceptance
fat-studies,2091,https://www.goodreads.com/genres/fat-studies
feminism,785921,https://www.goodreads.com/genres/feminism
feminist-studies,16381,https://www.goodreads.com/genres/feminist-studies
feminist-theory,19316,https://www.goodreads.com/genres/feminist-theory
femme-femme,3496,https://www.goodreads.com/genres/femme-femme
femslash,3018,https://www.goodreads.com/genres/femslash
ferdinand-and-isabella,537,https://www.goodreads.com/genres/ferdinand-and-isabella
ferries,518,https://www.goodreads.com/genres/ferries
f-f-f,835,https://www.goodreads.com/genres/f-f-f
fiction,18521244,https://www.goodreads.com/genres/fiction
field-guides,8004,https://www.goodreads.com/genres/field-guides
fighters,42031,https://www.goodreads.com/genres/fighters
figure-skating,2110,https://www.goodreads.com/genres/figure-skating
film,314910,https://www.goodreads.com/genres/film
finance,226142,https://www.goodreads.com/genres/finance
financial-management,2201,https://www.goodreads.com/genres/financial-management
finnish-literature,23642,https://www.goodreads.com/genres/finnish-literature
fire-engines,492,https://www.goodreads.com/genres/fire-engines
firefighters,12456,https://www.goodreads.com/genres/firefighters
fire-services,461,https://www.goodreads.com/genres/fire-services
fitness,60004,https://www.goodreads.com/genres/fitness
flash-fiction,3929,https://www.goodreads.com/genres/flash-fiction
f-m-f,1264,https://www.goodreads.com/genres/f-m-f
folklore,202988,https://www.goodreads.com/genres/folklore
folk-tales,39963,https://www.goodreads.com/genres/folk-tales
food,454413,https://www.goodreads.com/genres/food
food-and-drink,72391,https://www.goodreads.com/genres/food-and-drink
food-and-wine,10052,https://www.goodreads.com/genres/food-and-wine
food-history,10557,https://www.goodreads.com/genres/food-history
foodie,46786,https://www.goodreads.com/genres/foodie
food-preservation,1057,https://www.goodreads.com/genres/food-preservation
food-writing,21267,https://www.goodreads.com/genres/food-writing
football,58952,https://www.goodreads.com/genres/football
forgotten-realms,55946,https://www.goodreads.com/genres/forgotten-realms
foster-children,3139,https://www.goodreads.com/genres/foster-children
fostering,2634,https://www.goodreads.com/genres/fostering
foster-parents,2026,https://www.goodreads.com/genres/foster-parents
foursome,1016,https://www.goodreads.com/genres/foursome
fractured-fairy-tales,15154,https://www.goodreads.com/genres/fractured-fairy-tales
france,421881,https://www.goodreads.com/genres/france
frankensteins-monster,599,https://www.goodreads.com/genres/frankensteins-monster
freetown,21,https://www.goodreads.com/genres/freetown
freight,468,https://www.goodreads.com/genres/freight
french-literature,193894,https://www.goodreads.com/genres/french-literature
french-revolution,22570,https://www.goodreads.com/genres/french-revolution
fringe-science,1451,https://www.goodreads.com/genres/fringe-science
frugal,1301,https://www.goodreads.com/genres/frugal
functional-analysis,731,https://www.goodreads.com/genres/functional-analysis
fundamentalism,5339,https://www.goodreads.com/genres/fundamentalism
futurism,26335,https://www.goodreads.com/genres/futurism
futuristic,165688,https://www.goodreads.com/genres/futuristic
futuristic-romance,11886,https://www.goodreads.com/genres/futuristic-romance
gabon,776,https://www.goodreads.com/genres/gabon
gaborone,22,https://www.goodreads.com/genres/gaborone
gamebooks,9147,https://www.goodreads.com/genres/gamebooks
game-design,10021,https://www.goodreads.com/genres/game-design
games,75346,https://www.goodreads.com/genres/games
gaming,57175,https://www.goodreads.com/genres/gaming
gaming-fiction,3818,https://www.goodreads.com/genres/gaming-fiction
gardening,110042,https://www.goodreads.com/genres/gardening
gastronomy,8451,https://www.goodreads.com/genres/gastronomy
gay,359923,https://www.goodreads.com/genres/gay
gay-erotica,11782,https://www.goodreads.com/genres/gay-erotica
gay-fiction,42144,https://www.goodreads.com/genres/gay-fiction
gay-for-you,32838,https://www.goodreads.com/genres/gay-for-you
geek,66109,https://www.goodreads.com/genres/geek
gemstones,5216,https://www.goodreads.com/genres/gemstones
gender,202770,https://www.goodreads.com/genres/gender
gender-and-sexuality,57627,https://www.goodreads.com/genres/gender-and-sexuality
genderfluid,1019,https://www.goodreads.com/genres/genderfluid
genderfuck,1371,https://www.goodreads.com/genres/genderfuck
gender-identity,7566,https://www.goodreads.com/genres/gender-identity
genderqueer,3604,https://www.goodreads.com/genres/genderqueer
gender-roles,24465,https://www.goodreads.com/genres/gender-roles
gender-studies,84409,https://www.goodreads.com/genres/gender-studies
genetics,28563,https://www.goodreads.com/genres/genetics
geoffrey-chaucer,849,https://www.goodreads.com/genres/geoffrey-chaucer
geography,133603,https://www.goodreads.com/genres/geography
geology,22166,https://www.goodreads.com/genres/geology
geometry,4508,https://www.goodreads.com/genres/geometry
georgian,42652,https://www.goodreads.com/genres/georgian
georgian-romance,8644,https://www.goodreads.com/genres/georgian-romance
german-literature,124860,https://www.goodreads.com/genres/german-literature
germany,216981,https://www.goodreads.com/genres/germany
gettysburg-campaign,216,https://www.goodreads.com/genres/gettysburg-campaign
ghana,4691,https://www.goodreads.com/genres/ghana
ghosts,303244,https://www.goodreads.com/genres/ghosts
ghost-stories,75021,https://www.goodreads.com/genres/ghost-stories
gliders,492,https://www.goodreads.com/genres/gliders
global-warming,5024,https://www.goodreads.com/genres/global-warming
gnosticism,11456,https://www.goodreads.com/genres/gnosticism
go,26422,https://www.goodreads.com/genres/go
god,72282,https://www.goodreads.com/genres/god
goddess,13611,https://www.goodreads.com/genres/goddess
gods,89768,https://www.goodreads.com/genres/gods
golden-age-mystery,22315,https://www.goodreads.com/genres/golden-age-mystery
google,83185,https://www.goodreads.com/genres/google
goth,31645,https://www.goodreads.com/genres/goth
gothic,413227,https://www.goodreads.com/genres/gothic
gothic-horror,77366,https://www.goodreads.com/genres/gothic-horror
gothic-revival,505,https://www.goodreads.com/genres/gothic-revival
gothic-romance,34341,https://www.goodreads.com/genres/gothic-romance
government,98985,https://www.goodreads.com/genres/government
grad-school,271322,https://www.goodreads.com/genres/grad-school
graffiti,1608,https://www.goodreads.com/genres/graffiti
graphica,13318,https://www.goodreads.com/genres/graphica
graphic-literature,12109,https://www.goodreads.com/genres/graphic-literature
graphic-non-fiction,5380,https://www.goodreads.com/genres/graphic-non-fiction
graphic-novels,2852735,https://www.goodreads.com/genres/graphic-novels
graphic-novels-comics,335760,https://www.goodreads.com/genres/graphic-novels-comics
graphic-novels-comics-manga,61192,https://www.goodreads.com/genres/graphic-novels-comics-manga
graphic-novels-manga,121549,https://www.goodreads.com/genres/graphic-novels-manga
greece,100933,https://www.goodreads.com/genres/greece
greek-mythology,80832,https://www.goodreads.com/genres/greek-mythology
green,123105,https://www.goodreads.com/genres/green
grimm,5997,https://www.goodreads.com/genres/grimm
growth-mindset,13870,https://www.goodreads.com/genres/growth-mindset
guidebook,6685,https://www.goodreads.com/genres/guidebook
guides,41246,https://www.goodreads.com/genres/guides
guinea,1513,https://www.goodreads.com/genres/guinea
guinea-bissau,573,https://www.goodreads.com/genres/guinea-bissau
habsburg-empire,759,https://www.goodreads.com/genres/habsburg-empire
habsburg-spain,469,https://www.goodreads.com/genres/habsburg-spain
hackers,6427,https://www.goodreads.com/genres/hackers
halloween,174408,https://www.goodreads.com/genres/halloween
harare,442,https://www.goodreads.com/genres/harare
hard-boiled,36025,https://www.goodreads.com/genres/hard-boiled
hard-science-fiction,22800,https://www.goodreads.com/genres/hard-science-fiction
harem,28401,https://www.goodreads.com/genres/harem
harlequin,267132,https://www.goodreads.com/genres/harlequin
harlequin-blaze,13641,https://www.goodreads.com/genres/harlequin-blaze
harlequin-category-romance,2319,https://www.goodreads.com/genres/harlequin-category-romance
harlequin-desire,16206,https://www.goodreads.com/genres/harlequin-desire
harlequin-heartwarming,2012,https://www.goodreads.com/genres/harlequin-heartwarming
harlequin-historical,11043,https://www.goodreads.com/genres/harlequin-historical
harlequin-kimani-romance,575,https://www.goodreads.com/genres/harlequin-kimani-romance
harlequin-medical-romance,653,https://www.goodreads.com/genres/harlequin-medical-romance
harlequin-nocturne,5369,https://www.goodreads.com/genres/harlequin-nocturne
harlequin-presents,61300,https://www.goodreads.com/genres/harlequin-presents
harlequin-romance,53874,https://www.goodreads.com/genres/harlequin-romance
harlequin-romantic-suspense,1856,https://www.goodreads.com/genres/harlequin-romantic-suspense
harlequin-teen,5049,https://www.goodreads.com/genres/harlequin-teen
health,510860,https://www.goodreads.com/genres/health
health-care,9882,https://www.goodreads.com/genres/health-care
helicopters,1233,https://www.goodreads.com/genres/helicopters
herbs,10690,https://www.goodreads.com/genres/herbs
heritage-preservation,6,https://www.goodreads.com/genres/heritage-preservation
heroic-fantasy,53353,https://www.goodreads.com/genres/heroic-fantasy
hierarchy,2489,https://www.goodreads.com/genres/hierarchy
high-fantasy,470630,https://www.goodreads.com/genres/high-fantasy
high-school,669474,https://www.goodreads.com/genres/high-school
hinduism,21877,https://www.goodreads.com/genres/hinduism
hip-hop,4950,https://www.goodreads.com/genres/hip-hop
historical,2947314,https://www.goodreads.com/genres/historical
historical-costume,786,https://www.goodreads.com/genres/historical-costume
historical-fantasy,188124,https://www.goodreads.com/genres/historical-fantasy
historical-fiction,5614883,https://www.goodreads.com/genres/historical-fiction
historical-mystery,210476,https://www.goodreads.com/genres/historical-mystery
historical-romance,1408917,https://www.goodreads.com/genres/historical-romance
historical-romance-clean,842,https://www.goodreads.com/genres/historical-romance-clean
historical-sewing,228,https://www.goodreads.com/genres/historical-sewing
history,5471889,https://www.goodreads.com/genres/history
history-and-politics,57629,https://www.goodreads.com/genres/history-and-politics
history-civil-war-eastern-theater,467,https://www.goodreads.com/genres/history-civil-war-eastern-theater
history-of-medicine,6911,https://www.goodreads.com/genres/history-of-medicine
history-of-science,39043,https://www.goodreads.com/genres/history-of-science
hoaxes,1222,https://www.goodreads.com/genres/hoaxes
hockey,50638,https://www.goodreads.com/genres/hockey
holiday,264921,https://www.goodreads.com/genres/holiday
holland,8847,https://www.goodreads.com/genres/holland
holocaust,138695,https://www.goodreads.com/genres/holocaust
holocaust-denial,699,https://www.goodreads.com/genres/holocaust-denial
home-economics,3716,https://www.goodreads.com/genres/home-economics
homeopathy,2170,https://www.goodreads.com/genres/homeopathy
horoscopes,699,https://www.goodreads.com/genres/horoscopes
horror,3025436,https://www.goodreads.com/genres/horror
horse-racing,5213,https://www.goodreads.com/genres/horse-racing
horses,82219,https://www.goodreads.com/genres/horses
horticulture,8635,https://www.goodreads.com/genres/horticulture
hot-air-balloons,1102,https://www.goodreads.com/genres/hot-air-balloons
how-to,139885,https://www.goodreads.com/genres/how-to
hqn,45689,https://www.goodreads.com/genres/hqn
hugo-awards,16654,https://www.goodreads.com/genres/hugo-awards
huguenots,793,https://www.goodreads.com/genres/huguenots
human-capital,910,https://www.goodreads.com/genres/human-capital
human-development,20637,https://www.goodreads.com/genres/human-development
human-ecology,2488,https://www.goodreads.com/genres/human-ecology
humanities,141708,https://www.goodreads.com/genres/humanities
human-resources,6883,https://www.goodreads.com/genres/human-resources
humor,1854576,https://www.goodreads.com/genres/humor
humorism,979,https://www.goodreads.com/genres/humorism
hungarian-literature,7770,https://www.goodreads.com/genres/hungarian-literature
hungary,21862,https://www.goodreads.com/genres/hungary
hydrogeology,18,https://www.goodreads.com/genres/hydrogeology
illness,99682,https://www.goodreads.com/genres/illness
income-tax,72,https://www.goodreads.com/genres/income-tax
india,215174,https://www.goodreads.com/genres/india
indian-literature,28085,https://www.goodreads.com/genres/indian-literature
indigenous-history,2551,https://www.goodreads.com/genres/indigenous-history
indonesian-literature,7975,https://www.goodreads.com/genres/indonesian-literature
infant-mortality,441,https://www.goodreads.com/genres/infant-mortality
informatics,3674,https://www.goodreads.com/genres/informatics
information-science,7127,https://www.goodreads.com/genres/information-science
informed-consent,497,https://www.goodreads.com/genres/informed-consent
innumeracy,535,https://www.goodreads.com/genres/innumeracy
inspirational,464864,https://www.goodreads.com/genres/inspirational
intelligent-design,1566,https://www.goodreads.com/genres/intelligent-design
intensive-care,2,https://www.goodreads.com/genres/intensive-care
international,357534,https://www.goodreads.com/genres/international
international-development,11886,https://www.goodreads.com/genres/international-development
international-literature,53491,https://www.goodreads.com/genres/international-literature
international-relations,53246,https://www.goodreads.com/genres/international-relations
internet,47377,https://www.goodreads.com/genres/internet
interracial-romance,53289,https://www.goodreads.com/genres/interracial-romance
intersex,2068,https://www.goodreads.com/genres/intersex
iran,43487,https://www.goodreads.com/genres/iran
ireland,161060,https://www.goodreads.com/genres/ireland
irish-civil-war,641,https://www.goodreads.com/genres/irish-civil-war
irish-literature,40840,https://www.goodreads.com/genres/irish-literature
islam,157500,https://www.goodreads.com/genres/islam
islamic-terrorism,925,https://www.goodreads.com/genres/islamic-terrorism
islamism,3690,https://www.goodreads.com/genres/islamism
israel,51546,https://www.goodreads.com/genres/israel
italian-literature,52134,https://www.goodreads.com/genres/italian-literature
italy,211412,https://www.goodreads.com/genres/italy
ivory-coast,901,https://www.goodreads.com/genres/ivory-coast
japan,328169,https://www.goodreads.com/genres/japan
japanese-history,10983,https://www.goodreads.com/genres/japanese-history
japanese-literature,97830,https://www.goodreads.com/genres/japanese-literature
jazz,21432,https://www.goodreads.com/genres/jazz
jewellery,1768,https://www.goodreads.com/genres/jewellery
jewellery-making,607,https://www.goodreads.com/genres/jewellery-making
jewish,142050,https://www.goodreads.com/genres/jewish
johannesburg,679,https://www.goodreads.com/genres/johannesburg
jokes,4915,https://www.goodreads.com/genres/jokes
josei,31771,https://www.goodreads.com/genres/josei
journal,44516,https://www.goodreads.com/genres/journal
journaling,6273,https://www.goodreads.com/genres/journaling
journalism,148292,https://www.goodreads.com/genres/journalism
judaica,42106,https://www.goodreads.com/genres/judaica
judaism,86013,https://www.goodreads.com/genres/judaism
junk-science,703,https://www.goodreads.com/genres/junk-science
juvenile,516934,https://www.goodreads.com/genres/juvenile
kazakhstan,1838,https://www.goodreads.com/genres/kazakhstan
kenya,10702,https://www.goodreads.com/genres/kenya
khartoum,446,https://www.goodreads.com/genres/khartoum
kigali,448,https://www.goodreads.com/genres/kigali
kinshasa,14,https://www.goodreads.com/genres/kinshasa
knitting,70394,https://www.goodreads.com/genres/knitting
komik,43617,https://www.goodreads.com/genres/komik
ku-klux-klan,939,https://www.goodreads.com/genres/ku-klux-klan
labor,24637,https://www.goodreads.com/genres/labor
lais,1207,https://www.goodreads.com/genres/lais
landscaping,1470,https://www.goodreads.com/genres/landscaping
language,323696,https://www.goodreads.com/genres/language
lapidary,535,https://www.goodreads.com/genres/lapidary
latin-american,57644,https://www.goodreads.com/genres/latin-american
latin-american-history,9414,https://www.goodreads.com/genres/latin-american-history
latin-american-literature,33793,https://www.goodreads.com/genres/latin-american-literature
law,182054,https://www.goodreads.com/genres/law
lds,51858,https://www.goodreads.com/genres/lds
lds-fiction,22138,https://www.goodreads.com/genres/lds-fiction
lds-non-fiction,5719,https://www.goodreads.com/genres/lds-non-fiction
leadership,323970,https://www.goodreads.com/genres/leadership
lebanon,15482,https://www.goodreads.com/genres/lebanon
led-zeppelin,595,https://www.goodreads.com/genres/led-zeppelin
legal-ethics,550,https://www.goodreads.com/genres/legal-ethics
legal-thriller,45593,https://www.goodreads.com/genres/legal-thriller
lenin,1649,https://www.goodreads.com/genres/lenin
leningrad,1181,https://www.goodreads.com/genres/leningrad
lesbian,147334,https://www.goodreads.com/genres/lesbian
lesbian-fiction,29517,https://www.goodreads.com/genres/lesbian-fiction
lesbian-romance,32409,https://www.goodreads.com/genres/lesbian-romance
lesbotronic,509,https://www.goodreads.com/genres/lesbotronic
lesotho,1241,https://www.goodreads.com/genres/lesotho
lgbt,1196125,https://www.goodreads.com/genres/lgbt
lgbt-memoir,132,https://www.goodreads.com/genres/lgbt-memoir
liberia,3218,https://www.goodreads.com/genres/liberia
librarianship,12877,https://www.goodreads.com/genres/librarianship
library-science,17018,https://www.goodreads.com/genres/library-science
libya,4062,https://www.goodreads.com/genres/libya
lie,1901,https://www.goodreads.com/genres/lie
light-novel,84890,https://www.goodreads.com/genres/light-novel
linguistics,116401,https://www.goodreads.com/genres/linguistics
literary-criticism,138848,https://www.goodreads.com/genres/literary-criticism
literary-fiction,1010963,https://www.goodreads.com/genres/literary-fiction
literature,1851264,https://www.goodreads.com/genres/literature
live-action-roleplaying,445,https://www.goodreads.com/genres/live-action-roleplaying
local-history,11028,https://www.goodreads.com/genres/local-history
loch-ness-monster,717,https://www.goodreads.com/genres/loch-ness-monster
logic,40293,https://www.goodreads.com/genres/logic
london-underground,1454,https://www.goodreads.com/genres/london-underground
love,877321,https://www.goodreads.com/genres/love
lovecraftian,29480,https://www.goodreads.com/genres/lovecraftian
love-inspired,38008,https://www.goodreads.com/genres/love-inspired
love-inspired-historical,6963,https://www.goodreads.com/genres/love-inspired-historical
love-inspired-suspense,13170,https://www.goodreads.com/genres/love-inspired-suspense
love-story,360770,https://www.goodreads.com/genres/love-story
loveswept,6965,https://www.goodreads.com/genres/loveswept
low-fantasy,137300,https://www.goodreads.com/genres/low-fantasy
lusaka,444,https://www.goodreads.com/genres/lusaka
luxemburg,565,https://www.goodreads.com/genres/luxemburg
madagascar,1542,https://www.goodreads.com/genres/madagascar
magic,1411140,https://www.goodreads.com/genres/magic
magical-realism,507729,https://www.goodreads.com/genres/magical-realism
magick,73539,https://www.goodreads.com/genres/magick
mail-order-brides,6248,https://www.goodreads.com/genres/mail-order-brides
malabo,463,https://www.goodreads.com/genres/malabo
malawi,1268,https://www.goodreads.com/genres/malawi
mali,2073,https://www.goodreads.com/genres/mali
management,149164,https://www.goodreads.com/genres/management
managers,940,https://www.goodreads.com/genres/managers
manga,5294310,https://www.goodreads.com/genres/manga
manga-romance,31642,https://www.goodreads.com/genres/manga-romance
manhwa,44977,https://www.goodreads.com/genres/manhwa
mannerpunk,3664,https://www.goodreads.com/genres/mannerpunk
maps,26200,https://www.goodreads.com/genres/maps
marathi,17172,https://www.goodreads.com/genres/marathi
maritime,33877,https://www.goodreads.com/genres/maritime
marriage,256176,https://www.goodreads.com/genres/marriage
martial-artist,2,https://www.goodreads.com/genres/martial-artist
martial-arts,55130,https://www.goodreads.com/genres/martial-arts
martyr,1083,https://www.goodreads.com/genres/martyr
martyrdom,1978,https://www.goodreads.com/genres/martyrdom
marvel,291108,https://www.goodreads.com/genres/marvel
mary-i,1265,https://www.goodreads.com/genres/mary-i
mary-shelley,2460,https://www.goodreads.com/genres/mary-shelley
mary-wollstonecraft,824,https://www.goodreads.com/genres/mary-wollstonecraft
material-culture,5584,https://www.goodreads.com/genres/material-culture
mathematics,143339,https://www.goodreads.com/genres/mathematics
mauritania,773,https://www.goodreads.com/genres/mauritania
mauritius,1928,https://www.goodreads.com/genres/mauritius
media-tie-in,124181,https://www.goodreads.com/genres/media-tie-in
medical,235254,https://www.goodreads.com/genres/medical
medical-ethics,7017,https://www.goodreads.com/genres/medical-ethics
medicine,178444,https://www.goodreads.com/genres/medicine
medieval,287409,https://www.goodreads.com/genres/medieval
medievalesque,569,https://www.goodreads.com/genres/medievalesque
medieval-history,48331,https://www.goodreads.com/genres/medieval-history
medievalism,11467,https://www.goodreads.com/genres/medievalism
medieval-romance,20985,https://www.goodreads.com/genres/medieval-romance
memoir,1436830,https://www.goodreads.com/genres/memoir
menage,226856,https://www.goodreads.com/genres/menage
mental-health,459590,https://www.goodreads.com/genres/mental-health
mental-illness,279284,https://www.goodreads.com/genres/mental-illness
mermaids,58873,https://www.goodreads.com/genres/mermaids
metallurgy,520,https://www.goodreads.com/genres/metallurgy
metaphysics,85534,https://www.goodreads.com/genres/metaphysics
m-f-f,1960,https://www.goodreads.com/genres/m-f-f
m-f-m,27630,https://www.goodreads.com/genres/m-f-m
m-f-romance,89933,https://www.goodreads.com/genres/m-f-romance
microhistory,31971,https://www.goodreads.com/genres/microhistory
middle-english-literature,842,https://www.goodreads.com/genres/middle-english-literature
middle-grade,1304293,https://www.goodreads.com/genres/middle-grade
military-fiction,67508,https://www.goodreads.com/genres/military-fiction
military-historical-fiction,3679,https://www.goodreads.com/genres/military-historical-fiction
military-history,155816,https://www.goodreads.com/genres/military-history
military-romance,45247,https://www.goodreads.com/genres/military-romance
military-science-fiction,28581,https://www.goodreads.com/genres/military-science-fiction
mills-and-boon,34781,https://www.goodreads.com/genres/mills-and-boon
mineralogy,535,https://www.goodreads.com/genres/mineralogy
mira,18040,https://www.goodreads.com/genres/mira
mixed-martial-arts,976,https://www.goodreads.com/genres/mixed-martial-arts
m-m-aliens,601,https://www.goodreads.com/genres/m-m-aliens
m-m-contemporary,48006,https://www.goodreads.com/genres/m-m-contemporary
m-m-f,20842,https://www.goodreads.com/genres/m-m-f
m-m-fantasy,13355,https://www.goodreads.com/genres/m-m-fantasy
m-m-futuristic,892,https://www.goodreads.com/genres/m-m-futuristic
m-m-historical-romance,1746,https://www.goodreads.com/genres/m-m-historical-romance
m-m-horror,642,https://www.goodreads.com/genres/m-m-horror
m-m-m,25719,https://www.goodreads.com/genres/m-m-m
m-m-m-f,1711,https://www.goodreads.com/genres/m-m-m-f
m-m-m-m,2268,https://www.goodreads.com/genres/m-m-m-m
m-m-mystery,4540,https://www.goodreads.com/genres/m-m-mystery
m-m-new-adult,238,https://www.goodreads.com/genres/m-m-new-adult
m-m-office-romance,80,https://www.goodreads.com/genres/m-m-office-romance
mmorpg,1920,https://www.goodreads.com/genres/mmorpg
m-m-paranormal,41119,https://www.goodreads.com/genres/m-m-paranormal
m-m-romance,398759,https://www.goodreads.com/genres/m-m-romance
m-m-romantic-suspense,1001,https://www.goodreads.com/genres/m-m-romantic-suspense
m-m-science-fiction,2829,https://www.goodreads.com/genres/m-m-science-fiction
m-m-shapeshifters,936,https://www.goodreads.com/genres/m-m-shapeshifters
m-m-sports-romance,473,https://www.goodreads.com/genres/m-m-sports-romance
m-m-supernatural,3962,https://www.goodreads.com/genres/m-m-supernatural
m-m-urban-fantasy,4128,https://www.goodreads.com/genres/m-m-urban-fantasy
m-m-young-adult,620,https://www.goodreads.com/genres/m-m-young-adult
modern,596433,https://www.goodreads.com/genres/modern
modern-classics,342213,https://www.goodreads.com/genres/modern-classics
mogadishu,487,https://www.goodreads.com/genres/mogadishu
mombasa,443,https://www.goodreads.com/genres/mombasa
money,113231,https://www.goodreads.com/genres/money
money-management,3750,https://www.goodreads.com/genres/money-management
monrovia,71,https://www.goodreads.com/genres/monrovia
monsters,169055,https://www.goodreads.com/genres/monsters
mormonism,11116,https://www.goodreads.com/genres/mormonism
moroccan,1423,https://www.goodreads.com/genres/moroccan
morocco,17916,https://www.goodreads.com/genres/morocco
moscow,6681,https://www.goodreads.com/genres/moscow
motorcycle,20144,https://www.goodreads.com/genres/motorcycle
motorcycling,1116,https://www.goodreads.com/genres/motorcycling
mountaineering,15521,https://www.goodreads.com/genres/mountaineering
mozambique,2920,https://www.goodreads.com/genres/mozambique
multicultural-literature,27648,https://www.goodreads.com/genres/multicultural-literature
multiple-partners,21457,https://www.goodreads.com/genres/multiple-partners
multiplication,704,https://www.goodreads.com/genres/multiplication
murder-mystery,299580,https://www.goodreads.com/genres/murder-mystery
muscovy,887,https://www.goodreads.com/genres/muscovy
museology,1618,https://www.goodreads.com/genres/museology
museums,13381,https://www.goodreads.com/genres/museums
music,679925,https://www.goodreads.com/genres/music
musicals,24367,https://www.goodreads.com/genres/musicals
music-biography,5972,https://www.goodreads.com/genres/music-biography
musician-erotica,830,https://www.goodreads.com/genres/musician-erotica
musicians,53373,https://www.goodreads.com/genres/musicians
muslimah,770,https://www.goodreads.com/genres/muslimah
muslims,5253,https://www.goodreads.com/genres/muslims
mystery,6258521,https://www.goodreads.com/genres/mystery
mystery-thriller,1201681,https://www.goodreads.com/genres/mystery-thriller
mysticism,67832,https://www.goodreads.com/genres/mysticism
mythology,807842,https://www.goodreads.com/genres/mythology
nairobi,2142,https://www.goodreads.com/genres/nairobi
namibia,1893,https://www.goodreads.com/genres/namibia
native-american-history,8551,https://www.goodreads.com/genres/native-american-history
native-americans,32965,https://www.goodreads.com/genres/native-americans
natural-history,71116,https://www.goodreads.com/genres/natural-history
nature,446925,https://www.goodreads.com/genres/nature
naturopathy,1292,https://www.goodreads.com/genres/naturopathy
naval-historical-fiction,1649,https://www.goodreads.com/genres/naval-historical-fiction
naval-history,11106,https://www.goodreads.com/genres/naval-history
nazarene,449,https://www.goodreads.com/genres/nazarene
nazi-party,9090,https://www.goodreads.com/genres/nazi-party
near-future,66166,https://www.goodreads.com/genres/near-future
neo-medieval,1098,https://www.goodreads.com/genres/neo-medieval
nerd,56368,https://www.goodreads.com/genres/nerd
neuroscience,70579,https://www.goodreads.com/genres/neuroscience
new-adult,1486208,https://www.goodreads.com/genres/new-adult
new-adult-romance,95601,https://www.goodreads.com/genres/new-adult-romance
new-age,63244,https://www.goodreads.com/genres/new-age
new-testament,21697,https://www.goodreads.com/genres/new-testament
new-weird,18555,https://www.goodreads.com/genres/new-weird
new-york,249908,https://www.goodreads.com/genres/new-york
niger,929,https://www.goodreads.com/genres/niger
nigeria,17793,https://www.goodreads.com/genres/nigeria
noir,217048,https://www.goodreads.com/genres/noir
non-fiction,10856862,https://www.goodreads.com/genres/non-fiction
nordic-noir,27911,https://www.goodreads.com/genres/nordic-noir
norman,6457,https://www.goodreads.com/genres/norman
north-american-history,9661,https://www.goodreads.com/genres/north-american-history
northern-africa,3142,https://www.goodreads.com/genres/northern-africa
novella,671591,https://www.goodreads.com/genres/novella
novels,2242254,https://www.goodreads.com/genres/novels
nsfw,39126,https://www.goodreads.com/genres/nsfw
number,5848,https://www.goodreads.com/genres/number
number-theory,1353,https://www.goodreads.com/genres/number-theory
numeracy,1184,https://www.goodreads.com/genres/numeracy
numerology,1741,https://www.goodreads.com/genres/numerology
numismatics,1113,https://www.goodreads.com/genres/numismatics
nursery-rhymes,8565,https://www.goodreads.com/genres/nursery-rhymes
nursing,22211,https://www.goodreads.com/genres/nursing
nutrition,85541,https://www.goodreads.com/genres/nutrition
occult,146372,https://www.goodreads.com/genres/occult
occult-detective,3370,https://www.goodreads.com/genres/occult-detective
old-english-literature,3478,https://www.goodreads.com/genres/old-english-literature
old-testament,16692,https://www.goodreads.com/genres/old-testament
omegaverse,28878,https://www.goodreads.com/genres/omegaverse
oppositional-defiance-disorder,10,https://www.goodreads.com/genres/oppositional-defiance-disorder
oral-history,6703,https://www.goodreads.com/genres/oral-history
organizational-culture,1314,https://www.goodreads.com/genres/organizational-culture
origami,6044,https://www.goodreads.com/genres/origami
ornithology,4136,https://www.goodreads.com/genres/ornithology
outdoors,68240,https://www.goodreads.com/genres/outdoors
overland-campaign,93,https://www.goodreads.com/genres/overland-campaign
paganism,41063,https://www.goodreads.com/genres/paganism
pakistan,24800,https://www.goodreads.com/genres/pakistan
palaeontology,2642,https://www.goodreads.com/genres/palaeontology
palaeozoology,438,https://www.goodreads.com/genres/palaeozoology
palmistry,716,https://www.goodreads.com/genres/palmistry
paranormal,3259226,https://www.goodreads.com/genres/paranormal
paranormal-mystery,57859,https://www.goodreads.com/genres/paranormal-mystery
paranormal-romance,1203078,https://www.goodreads.com/genres/paranormal-romance
paranormal-urban-fantasy,116308,https://www.goodreads.com/genres/paranormal-urban-fantasy
parenting,415286,https://www.goodreads.com/genres/parenting
pathological-demand-avoidance,440,https://www.goodreads.com/genres/pathological-demand-avoidance
patternmaking,648,https://www.goodreads.com/genres/patternmaking
peak-oil,1873,https://www.goodreads.com/genres/peak-oil
pediatricians,474,https://www.goodreads.com/genres/pediatricians
pediatrics,1607,https://www.goodreads.com/genres/pediatrics
peer-review,1200,https://www.goodreads.com/genres/peer-review
peninsula-campaign,21,https://www.goodreads.com/genres/peninsula-campaign
percy-bysshe-shelley,258,https://www.goodreads.com/genres/percy-bysshe-shelley
personal-development,345980,https://www.goodreads.com/genres/personal-development
personal-finance,36769,https://www.goodreads.com/genres/personal-finance
petrograd,463,https://www.goodreads.com/genres/petrograd
philip-ii-of-spain,7,https://www.goodreads.com/genres/philip-ii-of-spain
philosophy,2340747,https://www.goodreads.com/genres/philosophy
photography,191793,https://www.goodreads.com/genres/photography
phrenology,726,https://www.goodreads.com/genres/phrenology
physical-therapy,2350,https://www.goodreads.com/genres/physical-therapy
physics,150053,https://www.goodreads.com/genres/physics
physiotherapy,1166,https://www.goodreads.com/genres/physiotherapy
picture-books,2077989,https://www.goodreads.com/genres/picture-books
picu,97,https://www.goodreads.com/genres/picu
pirates,99031,https://www.goodreads.com/genres/pirates
planetary-romance,8195,https://www.goodreads.com/genres/planetary-romance
planetary-science,4080,https://www.goodreads.com/genres/planetary-science
planets,9120,https://www.goodreads.com/genres/planets
plantagenet,8169,https://www.goodreads.com/genres/plantagenet
plants,33245,https://www.goodreads.com/genres/plants
plays,634235,https://www.goodreads.com/genres/plays
plus-size,6978,https://www.goodreads.com/genres/plus-size
poetry,2485629,https://www.goodreads.com/genres/poetry
poland,47313,https://www.goodreads.com/genres/poland
police,137571,https://www.goodreads.com/genres/police
polish-literature,35616,https://www.goodreads.com/genres/polish-literature
political-development,986,https://www.goodreads.com/genres/political-development
political-ethics,1265,https://www.goodreads.com/genres/political-ethics
political-science,177639,https://www.goodreads.com/genres/political-science
politics,1539341,https://www.goodreads.com/genres/politics
polyamorous,10278,https://www.goodreads.com/genres/polyamorous
polyamory,21395,https://www.goodreads.com/genres/polyamory
polyandry,1219,https://www.goodreads.com/genres/polyandry
polygamy,5720,https://www.goodreads.com/genres/polygamy
polygyny,59,https://www.goodreads.com/genres/polygyny
pop-culture,167744,https://www.goodreads.com/genres/pop-culture
popular-science,88565,https://www.goodreads.com/genres/popular-science
pornography,3960,https://www.goodreads.com/genres/pornography
portugal,54700,https://www.goodreads.com/genres/portugal
portuguese-literature,19770,https://www.goodreads.com/genres/portuguese-literature
post-apocalyptic,282023,https://www.goodreads.com/genres/post-apocalyptic
poverty,92299,https://www.goodreads.com/genres/poverty
prayer,46006,https://www.goodreads.com/genres/prayer
prehistoric,10492,https://www.goodreads.com/genres/prehistoric
prehistory,18741,https://www.goodreads.com/genres/prehistory
pre-k,36912,https://www.goodreads.com/genres/pre-k
pre-raphaelite,1366,https://www.goodreads.com/genres/pre-raphaelite
preservation,4290,https://www.goodreads.com/genres/preservation
presidents,66821,https://www.goodreads.com/genres/presidents
pretoria,477,https://www.goodreads.com/genres/pretoria
princesses,42717,https://www.goodreads.com/genres/princesses
productivity,109605,https://www.goodreads.com/genres/productivity
professors,5505,https://www.goodreads.com/genres/professors
programming,170327,https://www.goodreads.com/genres/programming
programming-languages,3951,https://www.goodreads.com/genres/programming-languages
prostitution,24212,https://www.goodreads.com/genres/prostitution
pseudomedicine,71,https://www.goodreads.com/genres/pseudomedicine
pseudoscience,16034,https://www.goodreads.com/genres/pseudoscience
psychiatry,33816,https://www.goodreads.com/genres/psychiatry
psychoanalysis,41083,https://www.goodreads.com/genres/psychoanalysis
psychohistory,1547,https://www.goodreads.com/genres/psychohistory
psychological-thriller,213405,https://www.goodreads.com/genres/psychological-thriller
psychology,1540801,https://www.goodreads.com/genres/psychology
public-transport,7303,https://www.goodreads.com/genres/public-transport
pulp,162853,https://www.goodreads.com/genres/pulp
pulp-adventure,7723,https://www.goodreads.com/genres/pulp-adventure
pulp-noir,15511,https://www.goodreads.com/genres/pulp-noir
punk,19159,https://www.goodreads.com/genres/punk
punx,934,https://www.goodreads.com/genres/punx
puzzles,18978,https://www.goodreads.com/genres/puzzles
quackery,632,https://www.goodreads.com/genres/quackery
qualitative-research,1396,https://www.goodreads.com/genres/qualitative-research
quantitative-research,465,https://www.goodreads.com/genres/quantitative-research
quantum-mechanics,4178,https://www.goodreads.com/genres/quantum-mechanics
queer,488976,https://www.goodreads.com/genres/queer
queer-lit,69206,https://www.goodreads.com/genres/queer-lit
queer-studies,13560,https://www.goodreads.com/genres/queer-studies
quilting,30421,https://www.goodreads.com/genres/quilting
rabat,664,https://www.goodreads.com/genres/rabat
rabbits,12369,https://www.goodreads.com/genres/rabbits
race,290353,https://www.goodreads.com/genres/race
racing,8538,https://www.goodreads.com/genres/racing
railway-history,442,https://www.goodreads.com/genres/railway-history
railways,2785,https://www.goodreads.com/genres/railways
read-for-college,114249,https://www.goodreads.com/genres/read-for-college
read-for-school,524194,https://www.goodreads.com/genres/read-for-school
realistic-fiction,1083548,https://www.goodreads.com/genres/realistic-fiction
realistic-young-adult,11537,https://www.goodreads.com/genres/realistic-young-adult
real-person-fiction,1509,https://www.goodreads.com/genres/real-person-fiction
recreation,73862,https://www.goodreads.com/genres/recreation
recruitment,1246,https://www.goodreads.com/genres/recruitment
refereeing,19,https://www.goodreads.com/genres/refereeing
reference,1247907,https://www.goodreads.com/genres/reference
regency,272813,https://www.goodreads.com/genres/regency
regency-romance,120814,https://www.goodreads.com/genres/regency-romance
regency-romance-clean,514,https://www.goodreads.com/genres/regency-romance-clean
relationships,635067,https://www.goodreads.com/genres/relationships
religion,1262268,https://www.goodreads.com/genres/religion
republic-of-the-congo,493,https://www.goodreads.com/genres/republic-of-the-congo
research,511987,https://www.goodreads.com/genres/research
research-methods,5062,https://www.goodreads.com/genres/research-methods
retellings,368660,https://www.goodreads.com/genres/retellings
reverse-harem,221019,https://www.goodreads.com/genres/reverse-harem
road-trip,106808,https://www.goodreads.com/genres/road-trip
robots,37630,https://www.goodreads.com/genres/robots
rock-n-roll,15480,https://www.goodreads.com/genres/rock-n-roll
role-playing-games,14026,https://www.goodreads.com/genres/role-playing-games
roller-derby,1113,https://www.goodreads.com/genres/roller-derby
roman,581649,https://www.goodreads.com/genres/roman
roman-britain,2675,https://www.goodreads.com/genres/roman-britain
romance,11459021,https://www.goodreads.com/genres/romance
romania,19677,https://www.goodreads.com/genres/romania
romanian-literature,34620,https://www.goodreads.com/genres/romanian-literature
romanovs,4221,https://www.goodreads.com/genres/romanovs
romantic,415012,https://www.goodreads.com/genres/romantic
romanticism,92315,https://www.goodreads.com/genres/romanticism
romantic-suspense,551551,https://www.goodreads.com/genres/romantic-suspense
royal-air-force,1496,https://www.goodreads.com/genres/royal-air-force
r-subgenre-category-romance,101,https://www.goodreads.com/genres/r-subgenre-category-romance
rus,57073,https://www.goodreads.com/genres/rus
russia,271930,https://www.goodreads.com/genres/russia
russian-empire,2783,https://www.goodreads.com/genres/russian-empire
russian-federation,301,https://www.goodreads.com/genres/russian-federation
russian-history,36038,https://www.goodreads.com/genres/russian-history
russian-literature,129108,https://www.goodreads.com/genres/russian-literature
russian-revolution,9098,https://www.goodreads.com/genres/russian-revolution
rwanda,4413,https://www.goodreads.com/genres/rwanda
saint-helena,440,https://www.goodreads.com/genres/saint-helena
sao-tome,18,https://www.goodreads.com/genres/sao-tome
sao-tome-and-principe,508,https://www.goodreads.com/genres/sao-tome-and-principe
satanism,6205,https://www.goodreads.com/genres/satanism
scandinavian-literature,35864,https://www.goodreads.com/genres/scandinavian-literature
school,1301210,https://www.goodreads.com/genres/school
school-stories,52968,https://www.goodreads.com/genres/school-stories
science,1958792,https://www.goodreads.com/genres/science
science-fiction,4006699,https://www.goodreads.com/genres/science-fiction
science-fiction-fantasy,489829,https://www.goodreads.com/genres/science-fiction-fantasy
science-fiction-romance,43514,https://www.goodreads.com/genres/science-fiction-romance
science-nature,61573,https://www.goodreads.com/genres/science-nature
scientific-method,3080,https://www.goodreads.com/genres/scientific-method
scooters,499,https://www.goodreads.com/genres/scooters
scores,2707,https://www.goodreads.com/genres/scores
scotland,143238,https://www.goodreads.com/genres/scotland
scripture,27064,https://www.goodreads.com/genres/scripture
seinen,65453,https://www.goodreads.com/genres/seinen
self-help,1078223,https://www.goodreads.com/genres/self-help
semiotics,9118,https://www.goodreads.com/genres/semiotics
senegal,3576,https://www.goodreads.com/genres/senegal
sequential-art,164085,https://www.goodreads.com/genres/sequential-art
serbian-literature,2578,https://www.goodreads.com/genres/serbian-literature
sewing,25887,https://www.goodreads.com/genres/sewing
sex-and-erotica,4060,https://www.goodreads.com/genres/sex-and-erotica
sexuality,177893,https://www.goodreads.com/genres/sexuality
sex-work,13530,https://www.goodreads.com/genres/sex-work
seychelles,607,https://www.goodreads.com/genres/seychelles
shapeshifters,265482,https://www.goodreads.com/genres/shapeshifters
shinigami,2189,https://www.goodreads.com/genres/shinigami
shojo,69507,https://www.goodreads.com/genres/shojo
shonen,78888,https://www.goodreads.com/genres/shonen
short-stories,2171694,https://www.goodreads.com/genres/short-stories
short-story-collection,97524,https://www.goodreads.com/genres/short-story-collection
shounen-ai,13237,https://www.goodreads.com/genres/shounen-ai
siege-of-petersburg,48,https://www.goodreads.com/genres/siege-of-petersburg
sierra-leone,2398,https://www.goodreads.com/genres/sierra-leone
siglo-de-oro,2550,https://www.goodreads.com/genres/siglo-de-oro
silhouette,14456,https://www.goodreads.com/genres/silhouette
singularity,7717,https://www.goodreads.com/genres/singularity
skepticism,31287,https://www.goodreads.com/genres/skepticism
slash-fiction,1547,https://www.goodreads.com/genres/slash-fiction
slice-of-life,245871,https://www.goodreads.com/genres/slice-of-life
soccer,15288,https://www.goodreads.com/genres/soccer
social,294214,https://www.goodreads.com/genres/social
social-change,30638,https://www.goodreads.com/genres/social-change
social-issues,299388,https://www.goodreads.com/genres/social-issues
social-justice,239245,https://www.goodreads.com/genres/social-justice
social-media,32032,https://www.goodreads.com/genres/social-media
social-movements,15661,https://www.goodreads.com/genres/social-movements
social-science,202759,https://www.goodreads.com/genres/social-science
social-welfare,2410,https://www.goodreads.com/genres/social-welfare
social-work,47162,https://www.goodreads.com/genres/social-work
society,354033,https://www.goodreads.com/genres/society
sociology,537757,https://www.goodreads.com/genres/sociology
software,40549,https://www.goodreads.com/genres/software
soldiers,29080,https://www.goodreads.com/genres/soldiers
somalia,4793,https://www.goodreads.com/genres/somalia
south-africa,33614,https://www.goodreads.com/genres/south-africa
southern,119912,https://www.goodreads.com/genres/southern
southern-africa,3987,https://www.goodreads.com/genres/southern-africa
southern-gothic,36098,https://www.goodreads.com/genres/southern-gothic
southern-war-for-independance,532,https://www.goodreads.com/genres/southern-war-for-independance
south-sudan,1027,https://www.goodreads.com/genres/south-sudan
soviet-history,6492,https://www.goodreads.com/genres/soviet-history
soviet-union,22858,https://www.goodreads.com/genres/soviet-union
space,200168,https://www.goodreads.com/genres/space
space-archaeology,343,https://www.goodreads.com/genres/space-archaeology
space-opera,182741,https://www.goodreads.com/genres/space-opera
spain,99718,https://www.goodreads.com/genres/spain
spanish-armada,74,https://www.goodreads.com/genres/spanish-armada
spanish-civil-war,7857,https://www.goodreads.com/genres/spanish-civil-war
spanish-history,4860,https://www.goodreads.com/genres/spanish-history
spanish-literature,59230,https://www.goodreads.com/genres/spanish-literature
speculative-fiction,562875,https://www.goodreads.com/genres/speculative-fiction
spider-man,26693,https://www.goodreads.com/genres/spider-man
spiritualism,20134,https://www.goodreads.com/genres/spiritualism
spirituality,644913,https://www.goodreads.com/genres/spirituality
splatterpunk,7660,https://www.goodreads.com/genres/splatterpunk
sports,573934,https://www.goodreads.com/genres/sports
sports-romance,136160,https://www.goodreads.com/genres/sports-romance
spy-thriller,55709,https://www.goodreads.com/genres/spy-thriller
stand-up,5807,https://www.goodreads.com/genres/stand-up
star-trek,149187,https://www.goodreads.com/genres/star-trek
star-trek-deep-space-nine,1994,https://www.goodreads.com/genres/star-trek-deep-space-nine
star-trek-enterprise,1191,https://www.goodreads.com/genres/star-trek-enterprise
star-trek-original-series,1339,https://www.goodreads.com/genres/star-trek-original-series
star-trek-the-next-generation,3647,https://www.goodreads.com/genres/star-trek-the-next-generation
star-trek-voyager,2822,https://www.goodreads.com/genres/star-trek-voyager
star-wars,450046,https://www.goodreads.com/genres/star-wars
steampunk,338219,https://www.goodreads.com/genres/steampunk
steampunk-romance,3014,https://www.goodreads.com/genres/steampunk-romance
steam-trains,21,https://www.goodreads.com/genres/steam-trains
storytime,201397,https://www.goodreads.com/genres/storytime
st-petersburg,4472,https://www.goodreads.com/genres/st-petersburg
street-art,996,https://www.goodreads.com/genres/street-art
streetmap,5,https://www.goodreads.com/genres/streetmap
strippers,2926,https://www.goodreads.com/genres/strippers
stuart,6913,https://www.goodreads.com/genres/stuart
students,43358,https://www.goodreads.com/genres/students
subtraction,648,https://www.goodreads.com/genres/subtraction
sudan,5356,https://www.goodreads.com/genres/sudan
suisse,2091,https://www.goodreads.com/genres/suisse
sunday-comics,884,https://www.goodreads.com/genres/sunday-comics
superheroes,235136,https://www.goodreads.com/genres/superheroes
superman,25766,https://www.goodreads.com/genres/superman
supernatural,1059333,https://www.goodreads.com/genres/supernatural
supernatural-romance,56686,https://www.goodreads.com/genres/supernatural-romance
superstition,6200,https://www.goodreads.com/genres/superstition
surreal,92654,https://www.goodreads.com/genres/surreal
survival,364840,https://www.goodreads.com/genres/survival
suspense,1555305,https://www.goodreads.com/genres/suspense
sustainability,48865,https://www.goodreads.com/genres/sustainability
swashbuckling,27699,https://www.goodreads.com/genres/swashbuckling
swaziland,633,https://www.goodreads.com/genres/swaziland
sweden,61607,https://www.goodreads.com/genres/sweden
swedish-literature,29928,https://www.goodreads.com/genres/swedish-literature
sword-and-planet,5068,https://www.goodreads.com/genres/sword-and-planet
sword-and-sorcery,62849,https://www.goodreads.com/genres/sword-and-sorcery
syrian-civil-war,277,https://www.goodreads.com/genres/syrian-civil-war
tanzania,3067,https://www.goodreads.com/genres/tanzania
taoism,10498,https://www.goodreads.com/genres/taoism
tarot,24846,https://www.goodreads.com/genres/tarot
tasmania,3162,https://www.goodreads.com/genres/tasmania
taxation,961,https://www.goodreads.com/genres/taxation
tea,24314,https://www.goodreads.com/genres/tea
teachers,39372,https://www.goodreads.com/genres/teachers
teaching,305972,https://www.goodreads.com/genres/teaching
technical,93765,https://www.goodreads.com/genres/technical
technology,244814,https://www.goodreads.com/genres/technology
teen,779570,https://www.goodreads.com/genres/teen
terrorism,52069,https://www.goodreads.com/genres/terrorism
textbooks,308560,https://www.goodreads.com/genres/textbooks
the-1700s,8377,https://www.goodreads.com/genres/the-1700s
the-americas,22501,https://www.goodreads.com/genres/the-americas
theatre,227089,https://www.goodreads.com/genres/theatre
the-gambia,606,https://www.goodreads.com/genres/the-gambia
thelema,6567,https://www.goodreads.com/genres/thelema
theology,537753,https://www.goodreads.com/genres/theology
theory,215626,https://www.goodreads.com/genres/theory
theosophy,14904,https://www.goodreads.com/genres/theosophy
the-united-states-of-america,862,https://www.goodreads.com/genres/the-united-states-of-america
the-world,23945,https://www.goodreads.com/genres/the-world
threesome,10709,https://www.goodreads.com/genres/threesome
thriller,2654651,https://www.goodreads.com/genres/thriller
time-travel,368711,https://www.goodreads.com/genres/time-travel
time-travel-romance,17116,https://www.goodreads.com/genres/time-travel-romance
togo,5513,https://www.goodreads.com/genres/togo
tourette-syndrome,673,https://www.goodreads.com/genres/tourette-syndrome
traditional-chinese-medicine,545,https://www.goodreads.com/genres/traditional-chinese-medicine
traditional-regency,11709,https://www.goodreads.com/genres/traditional-regency
tragedy,283808,https://www.goodreads.com/genres/tragedy
trains,19674,https://www.goodreads.com/genres/trains
transgender,20357,https://www.goodreads.com/genres/transgender
transgender-romance,795,https://www.goodreads.com/genres/transgender-romance
transmississippi,318,https://www.goodreads.com/genres/transmississippi
transport,5066,https://www.goodreads.com/genres/transport
transsexual,1292,https://www.goodreads.com/genres/transsexual
transvestism,481,https://www.goodreads.com/genres/transvestism
travel,934953,https://www.goodreads.com/genres/travel
travelogue,40938,https://www.goodreads.com/genres/travelogue
tristan-da-cunha,17,https://www.goodreads.com/genres/tristan-da-cunha
trivia,36253,https://www.goodreads.com/genres/trivia
trucks,3816,https://www.goodreads.com/genres/trucks
true-crime,412757,https://www.goodreads.com/genres/true-crime
true-story,114958,https://www.goodreads.com/genres/true-story
tsars,760,https://www.goodreads.com/genres/tsars
tudor-period,4661,https://www.goodreads.com/genres/tudor-period
tunis,42,https://www.goodreads.com/genres/tunis
tunisia,4407,https://www.goodreads.com/genres/tunisia
turkish,100699,https://www.goodreads.com/genres/turkish
turkish-literature,41617,https://www.goodreads.com/genres/turkish-literature
tv,93198,https://www.goodreads.com/genres/tv
uganda,3394,https://www.goodreads.com/genres/uganda
ukraine,23298,https://www.goodreads.com/genres/ukraine
ukrainian-literature,7840,https://www.goodreads.com/genres/ukrainian-literature
underground-railway,599,https://www.goodreads.com/genres/underground-railway
unfinished,1233646,https://www.goodreads.com/genres/unfinished
unicorns,22048,https://www.goodreads.com/genres/unicorns
united-states,369824,https://www.goodreads.com/genres/united-states
urban,200607,https://www.goodreads.com/genres/urban
urban-fantasy,1743511,https://www.goodreads.com/genres/urban-fantasy
urban-fantasy-romance,19572,https://www.goodreads.com/genres/urban-fantasy-romance
urbanism,20579,https://www.goodreads.com/genres/urbanism
urban-legends,1545,https://www.goodreads.com/genres/urban-legends
urban-planning,18711,https://www.goodreads.com/genres/urban-planning
urban-studies,17320,https://www.goodreads.com/genres/urban-studies
usability,3883,https://www.goodreads.com/genres/usability
us-presidents,13375,https://www.goodreads.com/genres/us-presidents
utopia,57002,https://www.goodreads.com/genres/utopia
vaccine-hesitancy,2,https://www.goodreads.com/genres/vaccine-hesitancy
vaccines,1310,https://www.goodreads.com/genres/vaccines
vampire-hunters,4282,https://www.goodreads.com/genres/vampire-hunters
vampires,989333,https://www.goodreads.com/genres/vampires
vegan,31369,https://www.goodreads.com/genres/vegan
vegetarian,10080,https://www.goodreads.com/genres/vegetarian
vegetarianism,3455,https://www.goodreads.com/genres/vegetarianism
vespa,612,https://www.goodreads.com/genres/vespa
vicksburg-campaign,37,https://www.goodreads.com/genres/vicksburg-campaign
victor-frankenstein,443,https://www.goodreads.com/genres/victor-frankenstein
victorian,273836,https://www.goodreads.com/genres/victorian
victorian-romance,23751,https://www.goodreads.com/genres/victorian-romance
video-games,36733,https://www.goodreads.com/genres/video-games
viking-romance,2195,https://www.goodreads.com/genres/viking-romance
virtual-reality,8194,https://www.goodreads.com/genres/virtual-reality
visual-art,14861,https://www.goodreads.com/genres/visual-art
vtol,440,https://www.goodreads.com/genres/vtol
walking,19833,https://www.goodreads.com/genres/walking
war,866869,https://www.goodreads.com/genres/war
warcraft,12298,https://www.goodreads.com/genres/warcraft
web,37417,https://www.goodreads.com/genres/web
webcomic,18833,https://www.goodreads.com/genres/webcomic
website-design,684,https://www.goodreads.com/genres/website-design
weird-fiction,103735,https://www.goodreads.com/genres/weird-fiction
weird-west,5500,https://www.goodreads.com/genres/weird-west
werecats,5456,https://www.goodreads.com/genres/werecats
werewolves,266349,https://www.goodreads.com/genres/werewolves
western-africa,801,https://www.goodreads.com/genres/western-africa
western-historical-romance,10370,https://www.goodreads.com/genres/western-historical-romance
western-romance,47334,https://www.goodreads.com/genres/western-romance
westerns,97791,https://www.goodreads.com/genres/westerns
western-sahara,518,https://www.goodreads.com/genres/western-sahara
whodunit,88466,https://www.goodreads.com/genres/whodunit
wicca,38595,https://www.goodreads.com/genres/wicca
wilderness,33687,https://www.goodreads.com/genres/wilderness
wildlife,22443,https://www.goodreads.com/genres/wildlife
william-godwin,32,https://www.goodreads.com/genres/william-godwin
wine,20430,https://www.goodreads.com/genres/wine
witchcraft,114184,https://www.goodreads.com/genres/witchcraft
witches,350465,https://www.goodreads.com/genres/witches
wizards,72766,https://www.goodreads.com/genres/wizards
wolves,74745,https://www.goodreads.com/genres/wolves
women-and-gender-studies,8030,https://www.goodreads.com/genres/women-and-gender-studies
womens,62412,https://www.goodreads.com/genres/womens
womens-fiction,202439,https://www.goodreads.com/genres/womens-fiction
womens-rights,8707,https://www.goodreads.com/genres/womens-rights
womens-sports,482,https://www.goodreads.com/genres/womens-sports
womens-studies,59189,https://www.goodreads.com/genres/womens-studies
wonder-woman,14314,https://www.goodreads.com/genres/wonder-woman
woodwork,1326,https://www.goodreads.com/genres/woodwork
words,52132,https://www.goodreads.com/genres/words
world-history,196088,https://www.goodreads.com/genres/world-history
world-of-darkness,6137,https://www.goodreads.com/genres/world-of-darkness
world-of-warcraft,5035,https://www.goodreads.com/genres/world-of-warcraft
world-war-i,41311,https://www.goodreads.com/genres/world-war-i
world-war-ii,184575,https://www.goodreads.com/genres/world-war-ii
writing,554963,https://www.goodreads.com/genres/writing
wwii-related-fiction,1375,https://www.goodreads.com/genres/wwii-related-fiction
x-men,53263,https://www.goodreads.com/genres/x-men
yaoi,106659,https://www.goodreads.com/genres/yaoi
yeti,917,https://www.goodreads.com/genres/yeti
young-adult,7934599,https://www.goodreads.com/genres/young-adult
young-adult-contemporary,58742,https://www.goodreads.com/genres/young-adult-contemporary
young-adult-fantasy,189541,https://www.goodreads.com/genres/young-adult-fantasy
young-adult-historical-fiction,22588,https://www.goodreads.com/genres/young-adult-historical-fiction
young-adult-paranormal,45379,https://www.goodreads.com/genres/young-adult-paranormal
young-adult-romance,103170,https://www.goodreads.com/genres/young-adult-romance
young-adult-science-fiction,26202,https://www.goodreads.com/genres/young-adult-science-fiction
young-earth,109,https://www.goodreads.com/genres/young-earth
young-readers,183343,https://www.goodreads.com/genres/young-readers
yuri,9843,https://www.goodreads.com/genres/yuri
zambia,5482,https://www.goodreads.com/genres/zambia
zen,47493,https://www.goodreads.com/genres/zen
zimbabwe,5652,https://www.goodreads.com/genres/zimbabwe
zombies,258765,https://www.goodreads.com/genres/zombies
